{"cameraMode":{"drawMode":0,"name":"Shaded","section":"Shading Mode"},"sceneLighting":true,"audioPlay":false,"sceneViewState":{"showFog":true,"showMaterialUpdate":false,"showSkybox":false,"showFlares":true,"showImageEffects":true,"showParticleSystems":true},"in2DMode":false,"pivot":{"x":-0.9923839569091797,"y":0.5841146111488342,"z":1.2115559577941895},"rotation":{"x":0.16723492741584779,"y":-0.12914250791072846,"z":0.022103969007730485,"w":0.9771725535392761},"size":12.185637474060059,"orthographic":false}